{
   "cl": 0.95,
   "poi_name": "xs",
   "poi_unit": "fb",
   "limit_sampling_CLs": 0.11794833058419471,
   "limit_sampling_CLs_up": 0.12358193235723763,
   "limit_sampling_CLs_dn": 0.11166705936839158,
   "limit_asymptotics_CLs": 0.10858793519044463,
   "limit_asymptotics_CLs_fast": 0.11103678969078523,
   "limit_sampling_CLsb": 0.10263893562997872,
   "limit_sampling_CLsb_up": 0.10701539138938646,
   "limit_sampling_CLsb_dn": 0.09814224810184725,
   "limit_asymptotics_CLsb": 0.08851392490415662,
   "limit_asymptotics_CLsb_fast": 0.09231754671830036,
   "limit_sampling_CLs_expected_band_-2": 0.04529033093631117,
   "limit_sampling_CLs_expected_band_-1": 0.08375309962659444,
   "limit_sampling_CLs_expected_band_+0": 0.1121977696836386,
   "limit_sampling_CLs_expected_band_+1": 0.13618056841861287,
   "limit_sampling_CLs_expected_band_+2": 0.20994662616688184
}