{
   "cl": 0.95,
   "poi_name": "xs",
   "poi_unit": "fb",
   "limit_sampling_CLs": 0.19800932008176075,
   "limit_sampling_CLs_up": 0.2838639293070399,
   "limit_sampling_CLs_dn": 0.17707584114229116,
   "limit_asymptotics_CLs": 0.21375997318784365,
   "limit_asymptotics_CLs_fast": 0.21040604331712343,
   "limit_sampling_CLsb": null,
   "limit_sampling_CLsb_up": null,
   "limit_sampling_CLsb_dn": null,
   "limit_asymptotics_CLsb": null,
   "limit_asymptotics_CLsb_fast": null,
   "limit_sampling_CLs_expected_band_-2": 0.14244039947509762,
   "limit_sampling_CLs_expected_band_-1": 0.26816630862763735,
   "limit_sampling_CLs_expected_band_+0": 0.35983779812307093,
   "limit_sampling_CLs_expected_band_+1": 0.48450985252748036,
   "limit_sampling_CLs_expected_band_+2": 0.73278583657705
}