{
   "cl": 0.95,
   "poi_name": "xs",
   "poi_unit": "fb",
   "limit_sampling_CLs": 0.09613468567510983,
   "limit_sampling_CLs_up": 0.09900008461889137,
   "limit_sampling_CLs_dn": 0.09335597105493247,
   "limit_asymptotics_CLs": 0.09237476188416094,
   "limit_asymptotics_CLs_fast": 0.09115508441281094,
   "limit_sampling_CLsb": 0.09430173247160212,
   "limit_sampling_CLsb_up": 0.09694183349229285,
   "limit_sampling_CLsb_dn": 0.09157172295169687,
   "limit_asymptotics_CLsb": 0.08671727550583919,
   "limit_asymptotics_CLsb_fast": 0.08535543361803986,
   "limit_sampling_CLs_expected_band_-2": 0.04202967191531812,
   "limit_sampling_CLs_expected_band_-1": 0.05627892316701726,
   "limit_sampling_CLs_expected_band_+0": 0.05763955806002865,
   "limit_sampling_CLs_expected_band_+1": 0.0889025478781648,
   "limit_sampling_CLs_expected_band_+2": 0.1262236136156116
}